<?xml version="1.0" encoding="UTF-8"?>
<!--
  ~ Copyright 2006-2009, 2017, 2020 United States Government, as represented by the
  ~ Administrator of the National Aeronautics and Space Administration.
  ~ All rights reserved.
  ~ 
  ~ The NASA World Wind Java (WWJ) platform is licensed under the Apache License,
  ~ Version 2.0 (the "License"); you may not use this file except in compliance
  ~ with the License. You may obtain a copy of the License at
  ~ http://www.apache.org/licenses/LICENSE-2.0
  ~ 
  ~ Unless required by applicable law or agreed to in writing, software distributed
  ~ under the License is distributed on an "AS IS" BASIS, WITHOUT WARRANTIES OR
  ~ CONDITIONS OF ANY KIND, either express or implied. See the License for the
  ~ specific language governing permissions and limitations under the License.
  ~ 
  ~ NASA World Wind Java (WWJ) also contains the following 3rd party Open Source
  ~ software:
  ~ 
  ~     Jackson Parser – Licensed under Apache 2.0
  ~     GDAL – Licensed under MIT
  ~     JOGL – Licensed under  Berkeley Software Distribution (BSD)
  ~     Gluegen – Licensed under Berkeley Software Distribution (BSD)
  ~ 
  ~ A complete listing of 3rd Party software notices and licenses included in
  ~ NASA World Wind Java (WWJ)  can be found in the WorldWindJava-v2.2 3rd-party
  ~ notices and licenses PDF found in code directory.
  -->

<!--$Id: AsterWCS.xml 2089 2014-06-24 21:39:21Z tgaskins $-->
<ElevationModel version="1" modelType="Compound">
    <ElevationModel version="1">
        <DisplayName>Aster V2</DisplayName>
        <Service serviceName="OGC:WCS" version="1.0.0">
            <GetCapabilitiesURL>https://worldwind26.arc.nasa.gov/wcs</GetCapabilitiesURL>
            <GetCoverageURL>https://worldwind26.arc.nasa.gov/wcs</GetCoverageURL>
            <CoverageIdentifiers>aster_v2</CoverageIdentifiers>
        </Service>
        <RetrievePropertiesFromService>false</RetrievePropertiesFromService>
        <!-- day month year hours:minutes:seconds timezone -->
        <LastUpdate>09 06 2014 00:00:00 GMT</LastUpdate>
        <DataCacheName>Earth/AsterV2WCS</DataCacheName>
        <ImageFormat>image/tiff</ImageFormat>
        <DataType type="Int16" byteOrder="LittleEndian"/>
        <DataDetailHint>0.20</DataDetailHint>
        <FormatSuffix>.tif</FormatSuffix>
        <ExtremeElevations min="-11000" max="8850">
            <FileName>config/SRTM30Plus_ExtremeElevations_5.bil</FileName>
        </ExtremeElevations>
        <NumLevels count="10" numEmpty="0"/>
        <TileOrigin>
            <LatLon units="degrees" latitude="-90" longitude="-180"/>
        </TileOrigin>
        <LevelZeroTileDelta>
            <LatLon units="degrees" latitude="20" longitude="20"/>
        </LevelZeroTileDelta>
        <TileSize>
            <Dimension width="150" height="150"/>
        </TileSize>
        <Sector>
            <SouthWest>
                <LatLon units="degrees" latitude="-90" longitude="-180"/>
            </SouthWest>
            <NorthEast>
                <LatLon units="degrees" latitude="90" longitude="180"/>
            </NorthEast>
        </Sector>
    </ElevationModel>
</ElevationModel>