<?xml version="1.0" encoding="UTF-8"?>
<!--
  ~ Copyright 2006-2009, 2017, 2020 United States Government, as represented by the
  ~ Administrator of the National Aeronautics and Space Administration.
  ~ All rights reserved.
  ~ 
  ~ The NASA World Wind Java (WWJ) platform is licensed under the Apache License,
  ~ Version 2.0 (the "License"); you may not use this file except in compliance
  ~ with the License. You may obtain a copy of the License at
  ~ http://www.apache.org/licenses/LICENSE-2.0
  ~ 
  ~ Unless required by applicable law or agreed to in writing, software distributed
  ~ under the License is distributed on an "AS IS" BASIS, WITHOUT WARRANTIES OR
  ~ CONDITIONS OF ANY KIND, either express or implied. See the License for the
  ~ specific language governing permissions and limitations under the License.
  ~ 
  ~ NASA World Wind Java (WWJ) also contains the following 3rd party Open Source
  ~ software:
  ~ 
  ~     Jackson Parser – Licensed under Apache 2.0
  ~     GDAL – Licensed under MIT
  ~     JOGL – Licensed under  Berkeley Software Distribution (BSD)
  ~     Gluegen – Licensed under Berkeley Software Distribution (BSD)
  ~ 
  ~ A complete listing of 3rd Party software notices and licenses included in
  ~ NASA World Wind Java (WWJ)  can be found in the WorldWindJava-v2.2 3rd-party
  ~ notices and licenses PDF found in code directory.
  -->

<!--$Id: EarthMergedElevationModel.xml 1958 2014-04-24 19:25:37Z tgaskins $-->
<!--DEPRECATED: Use EarthElevations2.xml-->
<ElevationModel version="1" modelType="Compound">
    <ElevationModel version="1">
        <DisplayName>Earth Elevation Model (SRTM30, SRTM3, NED 10m, BIL16)</DisplayName>
        <Service serviceName="OGC:WMS" version="1.3">
            <GetCapabilitiesURL>https://data.worldwind.arc.nasa.gov/elev</GetCapabilitiesURL>
            <GetMapURL>https://data.worldwind.arc.nasa.gov/elev</GetMapURL>
            <LayerNames>mergedElevations</LayerNames>
        </Service>
        <RetrievePropertiesFromService>true</RetrievePropertiesFromService>
        <!-- day month year hours:minutes:seconds timezone -->
        <LastUpdate>17 12 2009 01:01:01 GMT</LastUpdate>
        <DataCacheName>Earth/mergedElevations.bil16</DataCacheName>
        <ImageFormat>application/bil16</ImageFormat>
        <DataType type="Int16" byteOrder="LittleEndian"/>
        <DataDetailHint>0.30</DataDetailHint>
        <FormatSuffix>.bil</FormatSuffix>
        <ExtremeElevations min="-11000" max="8850">
            <FileName>config/SRTM30Plus_ExtremeElevations_5.bil</FileName>
        </ExtremeElevations>
        <NumLevels count="12" numEmpty="0"/>
        <TileOrigin>
            <LatLon units="degrees" latitude="-90" longitude="-180"/>
        </TileOrigin>
        <LevelZeroTileDelta>
            <LatLon units="degrees" latitude="20" longitude="20"/>
        </LevelZeroTileDelta>
        <TileSize>
            <Dimension width="150" height="150"/>
        </TileSize>
        <Sector>
            <SouthWest>
                <LatLon units="degrees" latitude="-90" longitude="-180"/>
            </SouthWest>
            <NorthEast>
                <LatLon units="degrees" latitude="90" longitude="180"/>
            </NorthEast>
        </Sector>
        <SectorResolutionLimit maxLevelNum="11">
            <Sector>
                <SouthWest>
                    <LatLon units="degrees" latitude="24" longitude="-125"/>
                </SouthWest>
                <NorthEast>
                    <LatLon units="degrees" latitude="50" longitude="-66.8"/>
                </NorthEast>
            </Sector>
        </SectorResolutionLimit>
        <SectorResolutionLimit maxLevelNum="11">
            <Sector>
                <SouthWest>
                    <LatLon units="degrees" latitude="18.5" longitude="-160.5"/>
                </SouthWest>
                <NorthEast>
                    <LatLon units="degrees" latitude="22.5" longitude="-154.5"/>
                </NorthEast>
            </Sector>
        </SectorResolutionLimit>
        <SectorResolutionLimit maxLevelNum="11">
            <Sector>
                <SouthWest>
                    <LatLon units="degrees" latitude="17.8" longitude="-67.4"/>
                </SouthWest>
                <NorthEast>
                    <LatLon units="degrees" latitude="18.7" longitude="-64.5"/>
                </NorthEast>
            </Sector>
        </SectorResolutionLimit>
        <SectorResolutionLimit maxLevelNum="11">
            <Sector>
                <SouthWest>
                    <LatLon units="degrees" latitude="48" longitude="-179.9"/>
                </SouthWest>
                <NorthEast>
                    <LatLon units="degrees" latitude="66" longitude="-128"/>
                </NorthEast>
            </Sector>
        </SectorResolutionLimit>
        <SectorResolutionLimit maxLevelNum="8">
            <Sector>
                <SouthWest>
                    <LatLon units="degrees" latitude="-54" longitude="-180"/>
                </SouthWest>
                <NorthEast>
                    <LatLon units="degrees" latitude="60" longitude="180"/>
                </NorthEast>
            </Sector>
        </SectorResolutionLimit>
        <SectorResolutionLimit maxLevelNum="4">
            <Sector>
                <SouthWest>
                    <LatLon units="degrees" latitude="-90" longitude="-180"/>
                </SouthWest>
                <NorthEast>
                    <LatLon units="degrees" latitude="90" longitude="180"/>
                </NorthEast>
            </Sector>
        </SectorResolutionLimit>
    </ElevationModel>
</ElevationModel>