<?xml version="1.0" encoding="UTF-8"?>
<!--
  ~ Copyright 2006-2009, 2017, 2020 United States Government, as represented by the
  ~ Administrator of the National Aeronautics and Space Administration.
  ~ All rights reserved.
  ~ 
  ~ The NASA World Wind Java (WWJ) platform is licensed under the Apache License,
  ~ Version 2.0 (the "License"); you may not use this file except in compliance
  ~ with the License. You may obtain a copy of the License at
  ~ http://www.apache.org/licenses/LICENSE-2.0
  ~ 
  ~ Unless required by applicable law or agreed to in writing, software distributed
  ~ under the License is distributed on an "AS IS" BASIS, WITHOUT WARRANTIES OR
  ~ CONDITIONS OF ANY KIND, either express or implied. See the License for the
  ~ specific language governing permissions and limitations under the License.
  ~ 
  ~ NASA World Wind Java (WWJ) also contains the following 3rd party Open Source
  ~ software:
  ~ 
  ~     Jackson Parser – Licensed under Apache 2.0
  ~     GDAL – Licensed under MIT
  ~     JOGL – Licensed under  Berkeley Software Distribution (BSD)
  ~     Gluegen – Licensed under Berkeley Software Distribution (BSD)
  ~ 
  ~ A complete listing of 3rd Party software notices and licenses included in
  ~ NASA World Wind Java (WWJ)  can be found in the WorldWindJava-v2.2 3rd-party
  ~ notices and licenses PDF found in code directory.
  -->

<!-- Open Street Map imagery -->
<!--$Id: OpenStreetMap.xml 1171 2013-02-11 21:45:02Z dcollins $-->
<Layer version="1" layerType="TiledImageLayer">
    <DisplayName>Open Street Map</DisplayName>
    <Service serviceName="OGC:WMS" version="1.1.1">
        <GetCapabilitiesURL>https://worldwind20.arc.nasa.gov/mapcache</GetCapabilitiesURL>
        <GetMapURL>https://worldwind20.arc.nasa.gov/mapcache</GetMapURL>
        <LayerNames>osm</LayerNames>
    </Service>
    <DataDetailHint>0.40</DataDetailHint>
    <RetrievePropertiesFromService>true</RetrievePropertiesFromService>
    <!-- day month year hours:minutes:seconds timezone -->
    <LastUpdate>01 11 2012 22:52:00 GMT</LastUpdate>
    <DataCacheName>Earth/OpenStreetMap</DataCacheName>
    <ImageFormat>image/png</ImageFormat>
    <AvailableImageFormats>
        <ImageFormat>image/png</ImageFormat>
        <ImageFormat>image/jpg</ImageFormat>
    </AvailableImageFormats>
    <FormatSuffix>.png</FormatSuffix>
    <NumLevels count="16" numEmpty="0"/>
    <TileOrigin>
        <LatLon units="degrees" latitude="-90" longitude="-180"/>
    </TileOrigin>
    <LevelZeroTileDelta>
        <LatLon units="degrees" latitude="36" longitude="36"/>
    </LevelZeroTileDelta>
    <TileSize>
        <Dimension width="512" height="512"/>
    </TileSize>
    <Sector>
        <SouthWest>
            <LatLon units="degrees" latitude="-90" longitude="-180"/>
        </SouthWest>
        <NorthEast>
            <LatLon units="degrees" latitude="90" longitude="180"/>
        </NorthEast>
    </Sector>
    <ForceLevelZeroLoads>false</ForceLevelZeroLoads>
    <RetainLevelZeroTiles>false</RetainLevelZeroTiles>
    <UseTransparentTextures>true</UseTransparentTextures>
    <!--<ScreenCredit creditType="ScreenImage">-->
        <!--<FileName>images/Bing_32x32.png</FileName>-->
        <!--<Link>http://www.microsoft.com/maps/assets/docs/terms.aspx/</Link>-->
    <!--</ScreenCredit>-->
    <RetrievalTimeouts>
        <ReadTimeout>
            <Time units="milliseconds" value="20000"/>
        </ReadTimeout>
    </RetrievalTimeouts>
</Layer>
