<?xml version="1.0" encoding="UTF-8"?>
<!--
  ~ Copyright 2006-2009, 2017, 2020 United States Government, as represented by the
  ~ Administrator of the National Aeronautics and Space Administration.
  ~ All rights reserved.
  ~ 
  ~ The NASA World Wind Java (WWJ) platform is licensed under the Apache License,
  ~ Version 2.0 (the "License"); you may not use this file except in compliance
  ~ with the License. You may obtain a copy of the License at
  ~ http://www.apache.org/licenses/LICENSE-2.0
  ~ 
  ~ Unless required by applicable law or agreed to in writing, software distributed
  ~ under the License is distributed on an "AS IS" BASIS, WITHOUT WARRANTIES OR
  ~ CONDITIONS OF ANY KIND, either express or implied. See the License for the
  ~ specific language governing permissions and limitations under the License.
  ~ 
  ~ NASA World Wind Java (WWJ) also contains the following 3rd party Open Source
  ~ software:
  ~ 
  ~     Jackson Parser – Licensed under Apache 2.0
  ~     GDAL – Licensed under MIT
  ~     JOGL – Licensed under  Berkeley Software Distribution (BSD)
  ~     Gluegen – Licensed under Berkeley Software Distribution (BSD)
  ~ 
  ~ A complete listing of 3rd Party software notices and licenses included in
  ~ NASA World Wind Java (WWJ)  can be found in the WorldWindJava-v2.2 3rd-party
  ~ notices and licenses PDF found in code directory.
  -->

<!--$Id: USDANAIPUSGSWMSImageLayer.xml 1171 2013-02-11 21:45:02Z dcollins $-->
<!--DEPRECATED - this service has been decommissioned by the USGS; use USGSNAIPPlusLayer.xml as an alternative. -->

<Layer version="1" layerType="TiledImageLayer">
    <DisplayName>USDA NAIP USGS</DisplayName>
    <Service serviceName="OGC:WMS" version="1.3">
        <GetCapabilitiesURL>https://raster.nationalmap.gov/arcgis/services/Orthoimagery/USGS_EROS_Ortho_NAIP_SCALE/ImageServer/WMSServer?</GetCapabilitiesURL>
        <GetMapURL>https://raster.nationalmap.gov/arcgis/services/Orthoimagery/USGS_EROS_Ortho_NAIP_SCALE/ImageServer/WMSServer?</GetMapURL>
        <LayerNames>0</LayerNames>
    </Service>
    <!-- day month year hours:minutes:seconds timezone -->
    <LastUpdate>01 09 2010 00:00:00 GMT</LastUpdate>
    <DataCacheName>Earth/USDA NAIP USGS</DataCacheName>
    <ImageFormat>image/png</ImageFormat>
    <AvailableImageFormats>
        <ImageFormat>image/png</ImageFormat>
    </AvailableImageFormats>
    <FormatSuffix>.png</FormatSuffix>
    <NumLevels count="15" numEmpty="0"/>
    <TileOrigin>
        <LatLon units="degrees" latitude="-90" longitude="-180"/>
    </TileOrigin>
    <LevelZeroTileDelta>
        <LatLon units="degrees" latitude="36" longitude="36"/>
    </LevelZeroTileDelta>
    <TileSize>
        <Dimension width="512" height="512"/>
    </TileSize>
    <Sector>
        <SouthWest>
            <LatLon units="degrees" latitude="24.0" longitude="-125.0"/>
        </SouthWest>
        <NorthEast>
            <LatLon units="degrees" latitude="50.0" longitude="-66.0"/>
        </NorthEast>
    </Sector>
    <UseTransparentTextures>true</UseTransparentTextures>
    <ScreenCredit creditType="ScreenImage">
        <FileName>images/usda_logo-32x32.png</FileName>
        <Link>http://isse.cr.usgs.gov/</Link>
    </ScreenCredit>
    <RetrievalTimeouts>
        <ReadTimeout>
            <Time units="milliseconds" value="30000"/>
        </ReadTimeout>
    </RetrievalTimeouts>
</Layer>