<?xml version="1.0" encoding="UTF-8"?>
<!--
  ~ Copyright 2006-2009, 2017, 2020 United States Government, as represented by the
  ~ Administrator of the National Aeronautics and Space Administration.
  ~ All rights reserved.
  ~ 
  ~ The NASA World Wind Java (WWJ) platform is licensed under the Apache License,
  ~ Version 2.0 (the "License"); you may not use this file except in compliance
  ~ with the License. You may obtain a copy of the License at
  ~ http://www.apache.org/licenses/LICENSE-2.0
  ~ 
  ~ Unless required by applicable law or agreed to in writing, software distributed
  ~ under the License is distributed on an "AS IS" BASIS, WITHOUT WARRANTIES OR
  ~ CONDITIONS OF ANY KIND, either express or implied. See the License for the
  ~ specific language governing permissions and limitations under the License.
  ~ 
  ~ NASA World Wind Java (WWJ) also contains the following 3rd party Open Source
  ~ software:
  ~ 
  ~     Jackson Parser – Licensed under Apache 2.0
  ~     GDAL – Licensed under MIT
  ~     JOGL – Licensed under  Berkeley Software Distribution (BSD)
  ~     Gluegen – Licensed under Berkeley Software Distribution (BSD)
  ~ 
  ~ A complete listing of 3rd Party software notices and licenses included in
  ~ NASA World Wind Java (WWJ)  can be found in the WorldWindJava-v2.2 3rd-party
  ~ notices and licenses PDF found in code directory.
  -->

<!--$Id: USGSDigitalOrthoLayer.xml 1171 2013-02-11 21:45:02Z dcollins $-->
<!--DEPRECATED - this service has been decommissioned by the USGS and is no longer hosted at NASA -->
<Layer version="1" layerType="TiledImageLayer">
    <DisplayName>USGS Digital Ortho</DisplayName>
    <Service serviceName="WWTileService">
        <URL>https://worldwind25.arc.nasa.gov/tile/tile.aspx</URL>
    </Service>
    <!-- day month year hours:minutes:seconds timezone -->
    <LastUpdate>19 09 2009 04:10:00 GMT</LastUpdate>
    <DatasetName>101</DatasetName>
    <DataCacheName>Earth/USGS Digital Ortho</DataCacheName>
    <FormatSuffix>.jpg</FormatSuffix>
    <NumLevels count="13" numEmpty="5"/>
    <TileOrigin>
        <LatLon units="degrees" latitude="-90" longitude="-180"/>
    </TileOrigin>
    <LevelZeroTileDelta>
        <LatLon units="degrees" latitude="25.6" longitude="25.6"/>
    </LevelZeroTileDelta>
    <TileSize>
        <Dimension width="512" height="512"/>
    </TileSize>
    <Sector>
        <SouthWest>
            <LatLon units="degrees" latitude="17.84" longitude="-168.67"/>
        </SouthWest>
        <NorthEast>
            <LatLon units="degrees" latitude="71.55" longitude="-65.15"/>
        </NorthEast>
    </Sector>
    <ActiveAltitudes max="7e3"/>
</Layer>