<?xml version="1.0"?>
<!--
  ~ Copyright 2006-2009, 2017, 2020 United States Government, as represented by the
  ~ Administrator of the National Aeronautics and Space Administration.
  ~ All rights reserved.
  ~ 
  ~ The NASA World Wind Java (WWJ) platform is licensed under the Apache License,
  ~ Version 2.0 (the "License"); you may not use this file except in compliance
  ~ with the License. You may obtain a copy of the License at
  ~ http://www.apache.org/licenses/LICENSE-2.0
  ~ 
  ~ Unless required by applicable law or agreed to in writing, software distributed
  ~ under the License is distributed on an "AS IS" BASIS, WITHOUT WARRANTIES OR
  ~ CONDITIONS OF ANY KIND, either express or implied. See the License for the
  ~ specific language governing permissions and limitations under the License.
  ~ 
  ~ NASA World Wind Java (WWJ) also contains the following 3rd party Open Source
  ~ software:
  ~ 
  ~     Jackson Parser – Licensed under Apache 2.0
  ~     GDAL – Licensed under MIT
  ~     JOGL – Licensed under  Berkeley Software Distribution (BSD)
  ~     Gluegen – Licensed under Berkeley Software Distribution (BSD)
  ~ 
  ~ A complete listing of 3rd Party software notices and licenses included in
  ~ NASA World Wind Java (WWJ)  can be found in the WorldWindJava-v2.2 3rd-party
  ~ notices and licenses PDF found in code directory.
  -->

<!--
  ~ WorldWind data-file store configuration
  ~
  ~ $Id: DataFileStore.xml 1171 2013-02-11 21:45:02Z dcollins $
  -->
<dataFileStore>
    <readLocations>
        <!-- The read locations are searched, in the given order, when WorldWind needs a data or image file. -->
        <!-- The write location selected from the writeLocations list is searched before these locations. -->
        <location property="gov.nasa.worldwind.platform.alluser.store" wwDir="WorldWindData"/>
        <location property="gov.nasa.worldwind.platform.user.store"    wwDir="WorldWindData"/>
        <location property="user.dir"  wwDir="WorldWindData"/>
        <location property="user.home" wwDir="WorldWindData"/>
        <!-- The standard install locations are searched after the standard read locations. -->
        <location property="gov.nasa.worldwind.platform.alluser.store" wwDir="WorldWindInstalled" isInstall="true" isMarkWhenUsed="true"/>
        <location property="gov.nasa.worldwind.platform.user.store"    wwDir="WorldWindInstalled" isInstall="true" isMarkWhenUsed="true"/>
        <location property="user.dir"  wwDir="WorldWindInstalled" isInstall="true" isMarkWhenUsed="true"/>
        <location property="user.home" wwDir="WorldWindInstalled" isInstall="true" isMarkWhenUsed="true"/>
    </readLocations>
    <writeLocations>
        <!-- The first writable location in this list is used as the session's data and image file store. -->
        <!-- If a location does not exist and the create attribute is "true", an attempt is made to create it.-->
        <!-- If that creation attempt succeeds, the location becomes the first writable location and thus is used. -->
        <!-- Only the first location that's writable or creatable is used. Subsequent locations are ignored. -->
        <!-- The chosen writable location is also the first search location, searched prior to any readLocations. -->
        <location property="gov.nasa.worldwind.platform.alluser.store" wwDir="WorldWindData" create="true"/>
        <location property="gov.nasa.worldwind.platform.user.store"    wwDir="WorldWindData" create="true"/>
        <location property="java.io.tmpdir" wwDir="WorldWindData" create="true"/>
    </writeLocations>
</dataFileStore>