<?xml version="1.0" encoding="UTF-8"?>
<!--
  ~ Copyright 2006-2009, 2017, 2020 United States Government, as represented by the
  ~ Administrator of the National Aeronautics and Space Administration.
  ~ All rights reserved.
  ~ 
  ~ The NASA World Wind Java (WWJ) platform is licensed under the Apache License,
  ~ Version 2.0 (the "License"); you may not use this file except in compliance
  ~ with the License. You may obtain a copy of the License at
  ~ http://www.apache.org/licenses/LICENSE-2.0
  ~ 
  ~ Unless required by applicable law or agreed to in writing, software distributed
  ~ under the License is distributed on an "AS IS" BASIS, WITHOUT WARRANTIES OR
  ~ CONDITIONS OF ANY KIND, either express or implied. See the License for the
  ~ specific language governing permissions and limitations under the License.
  ~ 
  ~ NASA World Wind Java (WWJ) also contains the following 3rd party Open Source
  ~ software:
  ~ 
  ~     Jackson Parser – Licensed under Apache 2.0
  ~     GDAL – Licensed under MIT
  ~     JOGL – Licensed under  Berkeley Software Distribution (BSD)
  ~     Gluegen – Licensed under Berkeley Software Distribution (BSD)
  ~ 
  ~ A complete listing of 3rd Party software notices and licenses included in
  ~ NASA World Wind Java (WWJ)  can be found in the WorldWindJava-v2.2 3rd-party
  ~ notices and licenses PDF found in code directory.
  -->

<!--$Id: worldwind.layers.xml 2256 2014-08-22 17:46:18Z tgaskins $-->
<!--This document specifies the initial layers to load in WorldWind-->
<!--This list can be overridden by specifying an alternate list in worldwind.xml, or by specifying an-->
<!--alternate configuration document-->
<!--See the javadoc for the Configuration class for details-->
<LayerList>
    <Layer className="gov.nasa.worldwind.layers.StarsLayer">
        <!--Individual properties can be specified within Layer entries, like this:-->
        <Property name="Name" value="Stars"/>
    </Layer>
    <Layer className="gov.nasa.worldwind.layers.SkyGradientLayer"/>
    <Layer className="gov.nasa.worldwind.layers.Earth.BMNGOneImage">
        <Property name="MinActiveAltitude" value="3e6"/>
    </Layer>
    <Layer href="config/Earth/BMNGWMSLayer2.xml" actuate="onLoad"/>
    <Layer href="config/Earth/LandsatI3WMSLayer2.xml" actuate="onLoad"/>
    <!--<Layer href="config/Earth/USDANAIPWMSImageLayer.xml" actuate="onRequest"/>-->
    <Layer href="config/Earth/USGSNAIPPlusLayer.xml" actuate="onRequest"/>
    <!--<Layer href="config/Earth/MSVirtualEarthAerialLayer.xml" actuate="onRequest"/>-->
    <Layer href="config/Earth/BingImagery.xml" actuate="onRequest"/>
<!--    <Layer href="config/Earth/USGSTNMTopoLayer.xml" actuate="onRequest"/>
    <Layer href="config/Earth/USGSTNMTopoLargeLayer.xml" actuate="onRequest"/>
    <Layer href="config/Earth/USGSTopoLowResLayer.xml" actuate="onRequest"/>
    <Layer href="config/Earth/USGSTopoMedResLayer.xml" actuate="onRequest"/>
    <Layer href="config/Earth/USGSTopoHighResLayer.xml" actuate="onRequest"/>-->
    <!--<Layer className="gov.nasa.worldwind.layers.Earth.OSMMapnikLayer" actuate="onRequest"/>-->
    <!--<Layer className="gov.nasa.worldwind.layers.Earth.OSMCycleMapLayer" actuate="onRequest"/>-->
    <Layer className="gov.nasa.worldwind.layers.Earth.CountryBoundariesLayer" actuate="onRequest"/>
    <!--<Layer href="config/Earth/OpenStreetMap.xml" actuate="onRequest"/>-->
    <!--<Layer href="config/Earth/WorldBordersShapefile.xml" actuate="onRequest"/>-->
    <Layer href="config/Earth/EarthAtNightLayer.xml" actuate="onRequest"/>
    <Layer className="gov.nasa.worldwind.layers.Earth.NASAWFSPlaceNameLayer"/>
    <Layer className="gov.nasa.worldwind.layers.WorldMapLayer"/>
    <Layer className="gov.nasa.worldwind.layers.ScalebarLayer"/>
    <Layer className="gov.nasa.worldwind.layers.CompassLayer"/>
</LayerList>